{
	"pages": [ //pages数组中第一项表示应用启动页，参考：https://uniapp.dcloud.io/collocation/pages
	    {
            "path" : "pages/tabbar/index/index",
            "style" :                                                                                    
            {
                "navigationBarTitleText": "首页",
                
				//顶部tab自定义
				"navigationStyle":"custom"
            }
            
        }
        ,{
            "path" : "pages/tabbar/classify/classify",
            "style" :                                                                                    
            {
                "navigationBarTitleText": "分类",
                "navigationBarBackgroundColor":"#00b783",
				"navigationBarTextStyle":"white",
				//下拉刷新
				"enablePullDownRefresh":false
            }
            
        }
        ,{
            "path" : "pages/tabbar/study/study",
            "style" :                                                                                    
            {
                "navigationBarTitleText": "学习",
                "navigationBarBackgroundColor":"#00b783",
                "navigationBarTextStyle":"white",
                //下拉刷新
                "enablePullDownRefresh":false
            }
            
        }
        ,{
            "path" : "pages/tabbar/mine/mine",
            "style" :                                                                                    
            {
                "navigationBarTitleText": "我的",
                "navigationBarBackgroundColor":"#00b783",
                "navigationBarTextStyle":"white",
                //下拉刷新
                "enablePullDownRefresh":false
            }
            
        }
        ,{
            "path" : "components/navbar/navbar",
            "style" :                                                                                    
            {
                "navigationBarTitleText": "",
                "enablePullDownRefresh": false
            }
            
        }
        ,{
            "path" : "components/coursenav/coursenav",
            "style" :                                                                                    
            {
                "navigationBarTitleText": "",
                "enablePullDownRefresh": false
            }
            
        }
        ,{
            "path" : "components/bannerswiper/bannerswiper",
            "style" :                                                                                    
            {
                "navigationBarTitleText": "",
                "enablePullDownRefresh": false
            }
            
        }
        ,{
            "path" : "components/advertisement/advertisement",
            "style" :                                                                                    
            {
                "navigationBarTitleText": "",
                "enablePullDownRefresh": false
            }
            
        }
    ],
	"globalStyle": {
		"navigationBarTextStyle": "black",
		"navigationBarTitleText": "uni-app",
		"navigationBarBackgroundColor": "#F8F8F8",
		"backgroundColor": "#F8F8F8"
	},
	"tabBar": {
		
		"color": "#999",
		"selectedColor": "#00b783",
		"borderStyle": "#fff",
		//底部导航颜色
		"backgroundColor": "#ffffff",
		"list": [{
			"pagePath": "pages/tabbar/index/index",
			"text": "首页",
			"iconPath":"static/tabar1.png",
			"selectedIconPath":"static/tabaron1.png"
		}, {
			"pagePath": "pages/tabbar/classify/classify",
			"text": "分类",
			"iconPath":"static/tabar2.png",
			"selectedIconPath":"static/tabaron2.png"
		},{
			"pagePath": "pages/tabbar/study/study",
			"text": "学习",
			"iconPath":"static/tabar3.png",
			"selectedIconPath":"static/tabaron3.png"
		},{
			"pagePath": "pages/tabbar/mine/mine",
			"text": "我的",
			"iconPath":"static/tabar4.png",
			"selectedIconPath":"static/tabaron4.png"
		}]
	}
}
